ea7cadf376fd494fb98e78f5a5306972,1,，额色222色啊啊啊-.饿死我我晚上 哇数学，，，，，众互相学习那我问问色鬼v我问问色巫毒娃娃点题vvvv斧头帮是ds rcz7787*787857774休息休/#,#8息休息休息休息不xcszsfv 这是谁的伤人心啊7_自行车VC小，额色222色啊啊啊-.饿死我我晚上 哇数学，，，，，众互相学习那我问问色鬼v我问问色巫毒娃娃点题vvvv斧头帮是ds rcz7787*787857774休息休/#,#8息休息休息休息不xcszsfv 这是谁的伤人心啊7_自行车VC小0
2f3e53022a204242bd2623d69aac8353,0,“佳人”相伴，坐享其程，坐看雪景，圆满　　一般我们买车是因为有这个需求，考虑到家庭人员多，对车子乘坐空间和舒适性上，都是有比较高要求的。又加上自己做点小生意，生意往来有时候需要接待客户，所以最终决定买MPV的。在决定选择商务MPV的时候，也看过其他车型，但是最后是舒朗雅致的全新一代GL8征服了我。其实一开始只是想先看看而已，后来就当是去车展上多见识些车型，多了解这个市场而已。打算要是没有特别中意的就明年再买车。我原先在车展上看到的那些都是家轿，不然就是SUV，鲜少看到有MPV。最后还是偶然间看到了别克全新一代GL8，就被吸引住了。外观优雅，却是自带强大气场。觉得这样的豪华MPV，应该就是我想要的车型了。如今了解过后，真正入手GL8，希望生意会顺风顺水，发发发！  　　GL8是别克的招牌车型，也是市场上的传奇。一直都是MPV界的销量冠军，非常受欢迎。我提的是17款全新一代GL8旗舰型，整车造型感觉很好。  　　展翼型的进气格栅，立体动感。这个角度看，感受的更清楚。  　　GL8的造型，可以说是真的很年轻动感，但是又有家居气质。是一辆宜家宜商的“百搭”车型！  　　别克的LOGO，依然亮眼。  　　车身侧面看起来比老款的更加宽大，整体风格看起来更有冲击力。  　　17寸的豪华型铝合金轮毂，很有SUV的年轻动感气息。让原本的商务MPV，多了一丝年轻的朝气。我很喜欢这个大轮毂，是个抢镜的设计。  　　对置式门把手，这种前后门把整合式的设计，造型简单，但也很独特。让整辆车都充满新颖感和高级感。  　　车尾设计虽然不是很性感，但是有点正正方方的，辨识度还是相当高的。57颗LED构成的尾灯，双层展翼造型，视感很好。  　　外观舒朗雅致，内饰很豪华。整个内饰、中控面板和膝部以上接触区域，还有座椅，用的都是软包覆材质。纯手工缝制，工艺精湛。整体内饰感觉就是优雅又豪华，很有奢华感。  　　座椅表面用的是美国进口的高档公牛皮，舒适性高。  　　前排作为的手扶箱，尺寸很大。  　　第二排空调独立系统，操作方便。   　　宽大的座椅设计，坐着腿部放松舒适。活动空间大，完全可以当行动小会议室。  　　手扶箱后面，对着后排座椅设计了个临时储物格。  　　230V商务续航电源，笔记本电脑、手机都可以在这里充电。 　　最后再说说我的提车感想。从车子来说，我觉得若论优雅豪华的商务，必然非GL8莫属。这样的高端MPV，果然是坐享其成程，听到周围人的赞美看到羡慕的眼神我觉得我买GL8是买对了。每个人一生都要体验一次，豪华待遇的驾车体验的。延安最近有下雪，想着，下回接两个父母过来我就开着我的GL8去，顺便看看延安的雪景。 　　“佳人”相伴，坐享其程，坐看美景。嗯，很圆满！1
6dcc9f403e1b48a5a370dc1fdc21fc8e,0,ES28T 2899提车归来，找个车真不易　　想买红色一直没车，后来托人有台金色，今天早上赶紧去了还是晚了一步被人提走了，只剩一台白色，不犹豫，果断提走，一分钱也没优惠，全款提 　　准备后期加装真皮座椅，改方向盘，原厂太Low      　　小孩特别喜欢，以后自驾游就舒服了  　　最爱红色找不到车啊  1
e07a73f6b1834a91ac32faada7f0eb2c,0,V260L倒车雷达声音？　　倒车快撞上了，雷达才有声音，怎么解决？1
b8a776c63d254ff485671ae1a9381732,0,V260L后视镜迎宾灯不会亮！                       ?人?这个情况么？                                                 1
5a2822a81f434c6d8061c35d6e98e919,0,V260有一些隐藏还真实用，动力增强了很多 　　奔驰V260刷ECU，经过工程师针对性一对一特调升级后，马力提升55p，扭矩提升75nm，没刷之前车主说起步肉，加速迟钝，升级后问题都得到了解决，商务车也需要强劲的动力，不在小马拉大车，效果非常明显     　　这是升级的过程   　　油门轻松多了，跑起来车子更加的顺畅，因动力的增强，感觉车子轻快了许多，二次加速/超车更加给力1
fa6aa1b8105d421b91a2b8c48ef93cbc,0,别克GL8 2.5S可以加装GPS导航么？ 　　昨天去4S店看新到新代GL8 2.5S可惜让试驾但试驾全新代GL8 2.0T旗舰版就399,000.00元那款真分钱分货说说我几分钟驾驶感受无论动力提速还科技感空间内饰等方面都于2.5S但个人以为在子弹足情况新代GL8 2.5S家用也足矣 　　本人准备入手24.99万冰川银但2.5S全系款均带GPS导航4S导购讲他们给加装导航模块话需要8000元正在解该系加装导航具体情况（能否加装或者加装哪种品牌能与之匹配）知哪位车友知道买车之后后期如何自行加装导航……  　　这个就新代GL8 2.5S4S店里仅此辆风暴灰  　　这个就新代GL8 2.5S4S店里仅此辆风暴灰  　　这个就新代GL8 2.5S4S店里仅此辆风暴灰1
fba80d9367a345e783e9d050b67acfa2,1,别克GL8和大通G10，该怎么选　　这两款车，我相信是很多车友在选商务车的时候多少会做一些对比，无论从空间，动力，油耗，外观哥整车的品质等等等等来做一个综合对比！如果从选择品牌知名度来选，大通G10肯定输了，因为很少有人了解它，如果从性价比来说，别克GL8就输了，因为中高配车型可以选择更豪华的车！当然，一款新车型的上市必有它的市场定位和客户群体，现在的车友们都是专业人士，大多数的人会考虑性价比更高的车型～从论坛上查看各种测评，去实体店亲自试驾，从身边朋友了解实际用车感觉，最终总结出自己想要的车型！于是乎，本人也从自己的用车感受来做出一些小小的结论，朋友们觉得不合适的地方大可畅所欲言，这样我们才能帮更多的人选择一辆真正适合自己的车子！ 　　选择一辆MPV（商务车），当然乘坐的舒适性和空间是首选，不光是第一二排的座位空间，第三排的空间也是不可忽略的，要不然又有何选择七座的商务车呢？第二点：动力和操控性，澎湃的动力和百公里加速才能带给我们无穷的驾驶乐趣，前驱还是后驱，发动机的调教和技术，变速箱的匹配等起到了决定性的作用。第三：从安全方面出发，其实车子不是安全气囊越多越安全，真正驾车安全源于系好安全带，和车子的车身结构的设计，钢板的用料，各种防撞钢梁的配备，最关键就是按照交通规则行驶！第五：实际用车油耗，为什么放在最后，说句实在的既然能买得起这车，谁还承担不了这开车的有钱呢？都说CVT省油，如果车子重量超过两吨还能省吗？虽然涡轮增压维修成本高，但是它的技术也经过层层考验的，而且在油耗上也有明显的优势，也是未来的趋势哦。 0
51d77f084b454eb08bcf65b42e7188b2,0,国羽总教练李永波成为别克全新一代GL8 Avenir新车主　　这一刻 　　值得被光和影留住 　　庄重而奢华的大厅内 　　香槟醉人，鲜花点缀 　　熨衬托帖的西服在紫色的映衬下浪漫优雅 　　纯白手套小心翼翼的抚摸每一寸光芒闪耀 　　连空气都带着别克全新一代GL8Avenir的尊贵气息 　　环顾四周，每个角度都是全新的视觉享受 　　每一刻，都在期待下一刻的惊喜  　　3月23日，北京运通博雅展厅，带着些微细雨湿润的空气还有些寒意，别克全新一代GL8 Avenir的工作人员早已有条不紊的准备即将到来的忙碌，静置一旁的别克全新一代GL8 Avenir以红毯相盖却依然难掩芳华气度。今天，它将迎来新的主人，来自中国羽毛球总教练的李永波先生。   　　李永波，中国羽毛球队总教练， 从1993年执掌国羽至今，李永波担任国羽掌门人已经24年，在这24年中，中国队共获得18枚奥运金牌、44个世锦赛冠军、五次汤姆斯杯冠军、九次尤伯杯冠军、十次苏迪曼杯冠军、6个世界杯冠军，共获得92个世界冠军，在2012伦敦奥运会上，他带领国羽包揽五金创造了历史。  　　他曾缔造无数国羽神话，如今，他再次肩负国家重任征战世界巅峰。而这一次，他的征程将有别克全新一代GL8 Avenir的全新陪伴。在李永波先生接过车主证书和专属钥匙的那一刻起，告别过去的辉煌，展望未来的荣耀，和别克全新一代GL8 Avenir一起，超越经典，再创经典。  　　拥有别克全新一代GL8 Avenir，就拥有一位时刻陪伴身边的绅士管家。每一辆别克全新一代GL8 Avenir，都有私人订制化的专属意义。他的“别克关怀”专属服务无处不在，拥有专属私人车辆管家提供最专业的服务；从选购到每一次进店保养都有专属休息接待区；量身定制的一份6年12万公里车辆全生命周期私人养车计划。  　　别克全新一代GL8 Avenir，像一位来自中世纪高贵而优雅的伯爵友人。它带着贵族般的温柔亲近与你，它的尊贵毋庸置疑，每一细节都力求做到极致。别克全新一代GL8 Avenir专属立体网状格栅造型在形变与光变之间优雅过渡；独特的轮毂造型与腕表的表冠造型让时间和车辆有了灵魂和生命；神秘而高贵的伯爵紫优雅中带着祥瑞之气。  　　靠近它，就像进入未曾踏入的神秘古堡，每一角落都透着造物者精心打磨的痕迹，我们被经典引诱，一步步都是好奇。超级柔软的专属74oz长绒脚垫带来裸足的诱惑；暮光紫、晨曦金、惬意蓝三大色系所组成的18色顶部氛围灯光营造惬意；专属立体菱格纹内饰面板精准的游走于内饰间成为点睛之笔。  　　但别克全新一代GL8 Avenir的尊贵不是高高在上的触不可及，而是落于实地的铿锵有力。别克全新一代GL8 Avenir底盘悬架系统堪称全新一代GL8的最大亮点之一。采用MPV车型少有的四连杆独立后悬架和增强型前麦弗逊悬架提供了优异的吸振效果以及整车优良的操控性。这个世界容不下虚无缥缈止步不前的幻想，却存在搏出全力后美好前程的Avenir【未来】。即使路途艰险狼狈不堪，依然是高贵如历经磨炼涅槃重生的凤凰。  　　握笔写下新未来，在选择别克全新一代GL8 Avenir的那一刻，“坐享其程”才真正开始。未来可期，别克全新一代GL8 Avenir与你携手同行。 1
108bb959f318441283ceec227c754889,0,就服日系 sj简直就是无敌　　gl8评测一出 各种头条新闻各种刷很多钟爱日系的评车人也加入 各种喷 ，各种推荐塞纳，日系水军是厉害 丰田刹不住死了10几个人被水军吹没了，本田涨机油也和谐了真牛逼gl8碰撞不合格 塞纳就合格了，下面是塞纳碰撞 正了八经的进口 1
c57bd2ce9af54e9a98d19d64bc4d46c9,0,迈特威三千多公里就要换发动机了！　　很多人都在问我，今天我来说一下我车的情况，新车回来跑了一千多公里之后就跑了个高速，第二天从酒店出来上车一发动车子就出现抖动，接着就出现了故障的提醒标志，然后车子就在抖动当中熄火，此时此刻就懵逼了，也不敢再次点火，跟着就联系购车的四儿子店，四儿子店的员工还算不错及时上报了我车的问题，下午跟我联系了，让我找拖车拖回四儿子店，果断找了当地朋友联系了拖车拖回来了，拖车费等费用四儿子店也解决了，这点还是比较靠谱的。 　　经过两天的检测，拆件，四儿子店给我的答案：怀疑是凸轮轴支架的问题，然后给我车就更换了新的，我也没有追究下去，但是心里肯定是疑惑重重的，迈特威算是大众的标志性车型了这质量让我心里极度不爽，这中间方向也不准确，我要求店里也给我从新做了四轮定位，第四天我去四儿子店拿车回家，回家之后心里还是有点后怕的毕竟新车就更换了配件多少心里不爽。迈特威几乎就很少开了，放在车库里，一直到十二月二十八号下午四儿子店突然给我电话问了我很多这段时间的使用情况，我说从上次更换配件到现在也很少开，此时店里员工说让我把车开回店里，说可能是发动机的问题需要更换，我当时心里一万个！！擦你妹飘过！！！！ 　　啥也不说了，还是开去把，去了店里接待我的是大众的一个维修总监好像，说我车发动机可能有问题要更换，我说能不能给我个准确的答案，他说这两天大众总部会发函过来说明具体原因，我说车先放店里，有了具体问题再说，过来几天四儿子店给我电话说大众来了两个老外，我想应该是店里解决不了了，所以大众派来了老外，我立马开车去了店里，老外说迈特威发动机的使用材料有问题，翻译是这么说的，而且果断的说要求我更换发动机，我擦你妹的你说换就换，我说我要求换车，不然就退车，因为当时我兄弟跟我们当地这个店的副总关系不错也是找他帮忙提的车，所以我兄弟说算了，换就换吧，给我很多福利，我心想兄弟都这么说了，我还说啥，，得了，弄吧。 　　所以我想说的这个事大众迈特威我所了解的情况是有好多个车都有这个问题，这个问题大众没有官方的给出召回，而且也是极力的想掩埋这个问题。 　　我们作为使用者来说这无非又是一个悲剧。说实话迈特威是个不错的家庭用车，无论空间，油耗，还有四驱，Acc，软硬调节等等，都是对得起这个价格吧，只是大众没有对得起中国市场，没有重视中国市场，希望广大车友不要遇见此类情况，祝福你们，         　　从外地拖回来就开始各种检查了  　　检查问题  　　看着各种拆，擦他妹啊  　　一天了！！！！还没查出具体情况  　　哎！！心塞啊1
bb3b2b705a964405a6aa7f995da84463,0,其他的太臃肿了占空间其他的太臃肿了占空间1
994e28c194684f0382607203af234171,0,全新别克GL8配置价格分析性价比王道　　之前静态体验全新别克GL8的时候，觉得新款强大太多，只要定价不离谱，热卖应该没什么问题。果然，别克GL8价格出来后，网友普遍反应价格还行（除了Avenir版）。虽说GL8主打的公务市场对价格不太敏感，但因为全新GL8明确表示要兼顾一些高端家庭用户，所以性价比这个词第一次在GL8上变得如此重要。  　　这个所谓的高端Avenir版到底有什么特别呢？ 　　Avenir车型的产品定位比普通版更豪华，外观方面采用黑色蜂窝状中网，同时在内部设计上采用菱形纹饰的公牛皮座椅并增加了18色的车顶氛围灯以及其他细节。当然更重要的是，Avenir车型提供了Avenir专属服务：包括私人车辆管家、私人空间和私人养车计划，让消费者时刻感受到“我是买顶配的”那种尊贵感。 　　我不喜欢新GL8，旧款还能买到吗？ 　　这个还真不确定，因为上汽跟我说过了不产的，官网上也没了现款车型，但又有人拍到现款GL8的改款谍照，所以目前还不得而知现款GL8到底会不会再卖了。但可以肯定的是经典GL8依然是在售的，而且售价只有20.9万元，经销商处还有大幅优惠，因此我个人觉得，如果自问还没达到所谓的“高端家庭”，买个经典GL8家用还是挺实惠的。 　　全新GL8哪款最值得购买？ 　　28T舒适型是全新GL8整个车系中的最低配车型，但配置其实已经相当够用了，全系标配包括：车身稳定系统、安吉星、双区自动空调、电动天窗、一键启动、蓝牙电话、7英寸中控大屏等。除了座椅的面料不够豪华，第二排不能电动调节外，应付一般的商务接待已经足矣了。 　　28T尊享型比舒适型贵了4万元，但提供的配置却相当有吸引力，增加了全LED大灯、真皮座椅、前排和第二排座椅电动调节及加热、车载导航等配置，档次感的提升相当明显。考虑到GL8的多数用户对价格不是特别敏感，而且这个版本确实配置有诱惑力，所以我觉得这个版本是性价比很高，也是很值得推荐的。 　　28T豪华型在尊享型基础上增加了不少豪华配置，如右侧电动滑门、全景天窗、第二排独立座椅带电动腿托和椅背调节、无钥匙进入、三区自动空调等配置，豪华感得到进一步提升，当然这些付出也是有代价的——价格又贵了4万元。 　　至于顶配的28T旗舰型增加了自动防眩目外/内后视镜、第三排中央扶手、前排座椅通风、第二排座椅按摩、BOSE音响、以及众多安全辅助装备，这些配置多数是为司机服务的。但买GL8除了家用外，多数消费者还是会请个职业司机，如果司机自己去买，那选这款就对了，但如果是老板去，那就得看老板体谅不体谅员工喽。 　　至于Avenir版，前面已经介绍过，个人觉得意义不算很大。 　　总结： 　　毫无疑问的是，全新GL8目前在市场上的对手还不能对它形成太大威胁，而且全新GL8的配置也梳理的更为合理，每个版本的差价保持在4万左右，每个版本增加的配置都会让你觉得花的钱很值，我觉得“选承受范围内最贵的”这句话很适用全新GL8。当然，对大多数用户来说，我觉得28T尊享型的性价比还是相当高的。1
e6bf545e4f7c475db6d41c29c6ab12fd,1,全新一代GL8 Avenir尾灯相当帅气　　全新一代GL8Avenir尾灯造型很好地与车头呼应，视觉感受很饱满，由57颗LED组成，无论点亮与否都相当帅气。  0
946869edf24a4e6c9b5905d4f6f64f4c,1,万吨锻造轮毂，真是漂亮　　0
80680773a2354765932621dd04df88ab,0,威霆改装和V级　　直接拿威霆改但又担心做工，但又觉得性价比会好一些1
eb1259ca54a0478493d214b68840ae37,1,想改轮毂，该怎么改？求大神　　车子轮毂是这样的，想改大轮毂，盖怎么改？轮毂改大一点，宽一点，现在这个跑高速很飘，车子是改的高顶，就是原厂这轮毂太丑了 0
4ec7ca17a7a342f58ebb90f51c9002f3,0,用威霆改装是什么定位啊，内饰氛围照比V级差不少。用威霆改装是什么定位啊，内饰氛围照比V级差不少。1
a81acf2c8fd744c190ce01b097484e25,0,远程启动无匙进入启动有车友们加装过吗？　　现在正在4s加装，不知道效果怎么样，最担心的是后续使用会否故障，一键启动的按键是真心不好看，远程开启电动尾门被取消了，算了，就当回小白鼠了。如果有装过的车友劳驾分享一下使用感受。  1
ed23fbdda4034fed8599b7b93169a9a0,0,中控主机性能太差很多车主反映死机 黑屏 延迟 卡顿，都想不明白别克几年都不升级一下。中控主机性能太差很多车主反映死机 黑屏 延迟 卡顿，都想不明白别克几年都不升级一下。1
fa7c52ee5cf54d19b62bccb36381b06c,0,紫檀红改装道路分享升级经验，进击吧我的爱车！　　随着我过二胎政策的开发，跟着老婆努力了几个月，终于应该了在去年有了二胎，家中的五座交车已经不能满足全家人出行。 　　所以跟老婆商量买台MPV，然后就是论坛上各种泡。 　　首先奥德赛，论坛上的口碑一般PASS掉！ 　　艾力绅，后备箱空间紧张，动力一般，低盘太低 PASS掉！ 　　大通G10，论坛上都说分风噪声太大，特别是发动机，PASS掉！ 　　GL8分两款，新款2.0发动机是胖头鱼的改款，外观上基本没有改变，ES也是2.0发送机但是外观设计很漂亮，内饰空间也大，性价比不比改款的2.0差！ 　　最终选择了GL8，ES，舒适版，为什么买低配，是因为本人以前也是玩改装的，觉得改装上去性价比跟高，所以选择了最低配进行改装！ 　　在这里发个作业，给哪些还在纠结高配还是低配的车友，看看都有什么差别。。。。  　　绝佳风景，景色优美！  　　往大门口一放，霸气侧漏     　　伸个懒腰   　　。。。歇会抽根烟，继续拍   　　前脸，，，，就盯着你    　　PP翘起来    　　刚提到车的时候15km   　　出发   　　国六排放    　　钥匙认证  　　下面放点施工图片，场面有点大。。。。没玩过改装的看着有点蒙  　　师傅准备就绪...      　　拆大灯，改海拉五  　　装上  　　大灯上完装钱杆   　　师傅好认真的干活，没玩过改装的车友，看到这样的场面，肯定心疼   　　拆拆拆        　　安装前摄像头   　　门板上个月   　　原车喇叭，跟纸一样，一点效果都没有   　　贴上隔音   　　安装喇叭  　　改过的喇叭   　　尾箱低音炮   　　上云格顶   　　师傅们在配合工作    　　安装扶手箱   　　云格顶装上的效果，先拍一张   　　上木地板     　　贴隔热膜   　　贴上轨道条跟迎宾踏板   　　铺完木地板效果，好看  　　改装目录：出自小林手艺 　　原厂高配顶棚控制面板（一件） 　　原厂高配扶手箱（一件） 　　七彩颜色云阁顶（一件） 　　天然柚木地板  （一套） 　　全车隔音         （双层） 　　全车高隔热膜  （全车） 　　豪华套餐音响  （一套） 　　右侧电动门     (一个) 　　左侧电动门    （一个） 　　电动后尾门    （一个） 　　海拉五氙气大灯（双透镜+灯泡） 　　前门+电吸门   （一对）  　　360全景记录仪 （一套） 　　屏幕解码器    （一件） 　　安卓吸顶电视  （一个） 　　座椅包真皮    （七座） 　　大视野蓝镜加热（一对） 　　黑晶迎宾踏板  （四门）  　　黑晶轨道条    （四道） 　　改完效果图  　　进去前      　　出来后      　　前排真皮座椅   　　中排真皮座椅   　　三排真皮座椅   　　前排木地脚垫   　　副驾   　　主驾   　　原厂高配扶手箱     　　放遥控器刚刚好   　　点烟器+220电源   　　木地板+轨道条+迎宾踏板   　　颜色吸人      　　尾箱低音炮       　　娱乐吸顶电视，二胎必备    　　七彩云格顶。。。变变变     　　老板送的U盘。。。里面都是无损音乐。。。。  　　听说去改装了就送      　　大视野蓝镜电加热   　　高配顶棚控制面板   　　右侧电动门   　　左侧电动门  　　头胎小孩才6岁，不懂事，怕门关不紧，所有电门都要有电吸功能  　　中门电吸效果  　　1   　　2   　　3   　　电动后尾门   　　开关按钮   　　尾门电吸效果  　　1   　　2   　　3   　　前面电吸效果  　　1   　　2  　　3   　　本人技术一般。。。。所以听取建议，加上个360全景   　　后视镜下发+摄像头   　　显示效果，挺好挺实用！  　　显示效果，挺好挺实用！ 　　虽然作业简单，但还是很有成就感，往版主给个精华！！！谢谢  1
a3b0f8b17b5b41d1a58c1eb864a64bf7,1,【GL8改装风格】分享低配升级高配经验。　　GL8同志们看过来??…… 　　买这个可以说是我最认真的一次，前前后后我真的是了解了几个月！4S店高配低配都试了个遍。家里人都快被我这个认真都烦了。但为了家庭孩子老婆一定要选个MPV。满足全家人有个舒适能放松的空间车。当然选择GL8这款车前提也做了很多工作！逛了各种商务车的论坛。首先艾力绅！但是后备箱空间太紧张了，动力和底盘太低直接PS掉。 　　大通G10--奥德赛…奔驰威霆—V260看完都不喜欢。所以最终选择了GL8ES2.0T款可以说看完新款GL8是一件钟情直接进入心骨里面的那种。但是这个问题就来了。这款车有高配和低配之分。所以又在这个问题卡住了然后又在进行分析价格！289999–329999-369999在这三个价格中和家里商量了几天最终选择了低配28999。因为身边两个好哥们买的就是低配说直接改的而且改的还非常漂亮……然后本人又特别喜欢灰的内饰。所以就更加肯定了。所以也和哥们探讨改装的一些细节问题。哥们就说你要喜欢我这个你就直接听我的。直接按着我这个来。那就一起来看看我改装低配和高配的区别，也这里发个作业、给那些纠结高配低配的车友。作为参考。  　　真是看脸的时代！只要脸好看一般都会心动。  　　来张大侧脸！深深吸引了我的眼球。  　　这屁股不是一般的精致优雅！在我眼里这款车由如我的另一半！所以我要好好呵护！变成我爱的每天想要绑在一起的感觉……  　　改装篇来一组各位车友们有木有和我一样心动的。  　　为了和航空座椅搭配到底所以必须加了个桃木完整的方向盘。是不是很好看   　　看侧颜有没有缭你！  　　正脸的气息扑面而来   　　这款木地板安装的时候人家老板说一定要安装什么原车要割地毯的说效果好！没有缝隙配航空座椅也是绝佳的。反正就言听计从。  　　电视为了家里的两个活宝所以必须安装了。方便又实用   　　原厂Ｂ柱开关。真是方便   　　选款航空座椅真心看了很多款式！最终这款说是新款式上市的！而且还是原车的滑道直接对滑！还是原车款式主要是设计的很棒。  　　采用的是AV皮质。和最高配的风格一样。很档次。  　　这款航空座椅不会像一般的航空座椅看上去那么笨重，过道也不会窄。旁边的桃木也特别精致。  　　一体成型的开关都在一处控制！方便快捷。  　　前排也加了加热开关还挺好看。小精致   　　木地板颜色这款刚刚好！中间也加上了滑道亮条！起码的整体水平跟上了  　　这个木地板脚垫实用好看！配上后排木地板一个车就很完美。  　　这就是迎宾踏板带灯的款式！实物看上去特别结实！耐用型的产品值得安装，感觉踩上去会越来越结实。晚上还带夜光灯。一个字就是好   　　当时安装扶手箱说有两款产品！说什么和原厂款式一样还多了无线充电功能！没有往下听了！坚决要原厂件了。  　　商务车有个木地板才有商务车的样子。总之个人很要求完美 0
6503304ad47d4001a3b3db02bae82fe7,1,03年老gl8变速箱坏了　　大家好。请教各位大侠，我的老8现在加速顿挫，速度上不到100，平时只能80码在跑。打电话问过修理厂，说是2800包一年。我网上看拆车件，1000块，工时1000。请大家给我个意见吧。谢谢啦。0
355a684cc6894f67b8ecfb01a67003af,1,28T商旅，起步时发动机噪声很大28T商旅，起步时发动机噪声很大0
76031ba1ee8c49829f61df38f9cd0e1f,0,gl8感觉开起来厚重一些 但是操控v260好些 两车确实没什么可比性 预算够肯定v260gl8感觉开起来厚重一些 但是操控v260好些 两车确实没什么可比性 预算够肯定v2601
e34bd1c017a84f6ebebbb096019b558a,1,GL8——惊喜总在细微之处　　如果给当前中国乘用车消费市场特点下一个准确的定义，相信“变革”肯定是关键词之一。且不说中国已超越美国成为全球最大单一市场，单从轿车、SUV、MPV三大车型来看，各大主机厂不断变革，希望通过赋予产品更多的内涵和功能，以满足消费者日益多样化的用车需求，而惊喜正蕴含其中。  　　以征战市场多年的上汽通用别克GL8为例，这款合资MPV中的“销量霸主”对中国消费者来说，几乎就是MPV车型的代名词。长期以来，GL8作为商务车的形象深入人心，直到2016年11月，作为别克高端子品牌Avenir的首款车型GL8 Avenir的出现，通过外观和内饰配置的升级，以及专属养车计划提供给车主更感性和更周到的服务，GL8车型定位从主流商务延展到高端私人用车领域。 　　外观独特、内饰选材精致，Avenir让GL8很出彩 　　既然是售价44.99万的旗舰车型，GL8 Avenir在外观和内饰的修饰上自然会有相应提升，不仅仅是个性化的需要，更是凸显专属性，给车主带来更尊崇的拥有感受。在选购车辆时，MPV的车型选择面确实不多，价格差距也比较大，在选择GL8 Avenir之前，反复比较过本田奥德赛和丰田埃尔法，前者不够大气，不是非常适合商务用途接待；后者虽然舒适性足够高，但是价格过于昂贵，性价比太低。而GL8 Avenir让她“眼前一亮”，有种似曾相识而又焕然一新之感。“我很喜欢伯爵紫的颜色，它让这台GL8很出挑，但内饰细节上的表现更让我惊喜 0
72ca5b61d6054a1fad974b829b396d83,0,GL8旗舰的雷达长鸣问题？　　行驶变道时因为和旁车太近，导致雷达长鸣报警，旁车离开了都叫，到了路边关闭重启发动机都没用，只是声音变低，后来必须要再找个障碍物再触发雷达再次报警才关闭了长鸣声…这是什么鬼？有人碰到过吗，怎么解决1
55e8773f867b4c3e82e3257f935a799c,1,gl8最适合高速行驶了 ，稳当，静音，舒服，今年正月开车从天津出发到西双版纳，全程高速7000多公里，五个行李箱，7口人，大部分都是山路，回来算了一下油耗4000元95油跑了7100公里gl8最适合高速行驶了 ，稳当，静音，舒服，今年正月开车从天津出发到西双版纳，全程高速7000多公里，五个行李箱，7口人，大部分都是山路，回来算了一下油耗4000元95油跑了7100公里0
12d6b602bd3745878db237e15b4c3d64,0,https://m.uczzd.cn/webview/news?app=xiaomic-iflow&aid=3463057906632623605&zzd_from=xiaomic-iflow&uc_param_str=dndsfrvesvntnwpfgibicpkt&ref=browser_news&s=mb&cp=cn-uc-browser&docid=a979eb7d0012e0cc6e54c8029f8afe13&itemtype=news&_miui_bottom_bar=comment&cathttps://m.uczzd.cn/webview/news?app=xiaomic-iflow&aid=3463057906632623605&zzd_from=xiaomic-iflow&uc_param_str=dndsfrvesvntnwpfgibicpkt&ref=browser_news&s=mb&cp=cn-uc-browser&docid=a979eb7d0012e0cc6e54c8029f8afe13&itemtype=news&_miui_bottom_bar=comment&cateCode=rec&category=姹借溅&traceId=699F79033CA10E562FBC67E39EF84A20&from=groupmessage还真上了新闻1
d0660f843d22467aa7876153a113a008,0,V-class　　V260 　　车型参数 　　底盘参数 　　外形尺寸(长×宽×高) 　　5370*1928*2100 　　最高车速 　　185m/ 　　额定乘员数（人) 　　7人 　　底盘型号 　　FA6523 　　发动机型号 　　M274 　　发动机型式 　　2.0T 211马力 L4涡轮增压 　　燃油/排量 　　汽油/2.0 　　变速箱型号 　　7挡手自一体 　　油箱容量 　　70L 　　排放标准 　　国V 　　百公里经济油耗 　　9.5L/100Km 　　内饰配置 　　●豪华实木地板 　　●子母电话机 　　●真皮包覆闪银方向盘 　　●豪华真皮正副驾驶座椅 　　●前后仓闪银高光装饰 　　●豪华单人真皮座椅 　　●正副驾驶门板真皮包覆 　　●豪华三人真皮座椅 　　●后舱电动小桌板 　　●内顶射灯（白光） 　　●后舱中央集成控制系统（触摸屏） 　　●WIFI上网终端 　　●5.1声道车载环绕音箱 　　●驾驶舱主机集成卫星导航 　　●前舱15L车载冰箱 　　●按摩电加热座椅 　　●阅读灯（白光） 　　●吧台装饰灯（白光） 　　●ASR加速防滑控制系统 　　●整车三角度监视系统         1
8c3ea52560614d1b94df408f51939950,0,V级高顶商务房车 　　奔驰商务车长宽高5370*1928*2100，车身长度是同级别里的佼佼者。傲人的外观曲线在其高顶的衬托下越彰显着奔驰的高贵血统。  　　浅白相间的菱形格块不同于普通的木质地板，与整车的米棕色温馨格调相辉映，在赤黄色的灯带烘托下，犹如在黑暗的夜色中找到一丝回家的归属感。顶部搭配Alcantara麂皮绒包覆在灯光下格外的好看。白天的时候也可以打开全景天窗和三俩好友家人畅谈生活，享受着自由的风。可能这就是奔驰商务车带给我们的微妙情愫。   　　前排小桌板可以在您需要办公的时候祝您一臂之力；亦或是在您小孩需要一部Ipad充实旅途烦闷的时候，他也出现的恰逢时宜。小桌板上贴心的茶杯架也能让您在长途的疲惫中随手就可以喝杯水放松下炙渴的咽喉。  　　中排的360度旋转功能可以让您在高速路口中间休息的时候旋转至第三排，对坐的欢乐时光总是那么惬意。中排航空座椅还贴心的设计了通风、加热以及按摩，让您可以尽享旅途的风光。  　　可上升式脚托设计在您需要往后倾躺的时候让您的小腿也得到尽可能多的放松。   　　超大的尾部行李空间可以给您的整个旅途带来无忧的行李放置空间。更多车型，欢迎私信。1
60fc4bc04b5a4a8092a585d78bee32d0,1,奥德赛不要考虑.威霆空间大.一般买了都改装.不适合家用.选GL8.家用商用都可以.奥德赛不要考虑.威霆空间大.一般买了都改装.不适合家用.选GL8.家用商用都可以.0
2ebb2e7d851941bb872897c40eeca342,1,白的好看，黑的商务白的好看，黑的商务0
f26bf6d86e0f46279a37818e59363274,0,奔驰V260中排换两张航空座椅　　奔驰V260低配的中间换了两张航空座椅效果不错啊！ 　　似V级高配座椅，可又有不同， 　　原厂高配座椅不可旋转、前后移动不可电动，中间座椅之间没有空间，上人很不方便， 　　改装后的V260中排航空座椅带电动移动，带旋转，加热，按摩，通风！   　　仔细看看吧，效果很赞哦！    1
0d68845edb234a9ab94bcd7b8a7dd8e3,1,奔驰前后移动很费劲的！奔驰前后移动很费劲的！0
2df5f1988d5b4627bfb1644a8f67d215,0,奔驰威霆改装档次升高　　当你看过原车车系的前排车箱内饰，那硬塑料材质包裹的中控控制面板可能给你的觉得比较廉价，不好像一台豪华mpv商务车所有的表现。而这个改装车，在前排车厢中应用很多的真皮作包裹，相比原厂车系，确实好了不少。   　　车型配置的是每台简陋的CD机及车载收音机，只有简单地听一下CD唱片和电台，趣味性不高。而这个车型换装上一块大尺寸的彩色触屏，该触屏集成了多项作用。应用上，只须要手指尖轻轻地在对应功能键上点一下，相对作用就会全自动开启，这让本来单调的配备丰富多彩了不少。   　　看到这种舒适惬意的配备之后，您是否有种想将您的办公室搬到这款改装汽车上的冲动。不管怎样其一应俱全的配置将会为在途中的成功男士提供1个舒适的办公空间。 　　奔驰威霆改装坐椅布局从4-七座不一，前后舱是否隔断也存有差异，无论是喜爱空间宽阔、偏重坐乘舒服、侧重视听享受，各种各样需求，新款奔驰威霆改装房车各种独特的设计方案都能一起满足。 　　配置方面，提升了倒车影像、行李架、环境氛围灯、双侧电动式滑门、遥控中控钥匙、镀铬装饰等一大批内容。而威霆增加了电子泊车辅助、旅客舱独立性空调控制系统、驾驶舱头顶操纵总成等配置。 　　在前排扶手箱处改装了一个超大容量的低噪声豪华车载冰箱，即使是夏日炎炎，也可以车上喝到冰爽的饮料了。随着时下商务车的发展趋势，日常的一些小需求渐渐的在车上都能获得满足。  　　驾驶室座椅选用浅黄色开洞进口环保真皮包覆，全车同色系的改装，让全部内部空间看上去非常和谐，视觉上空间似乎有所增加。乘客区一排电动座椅可以180度水平旋转的航空座椅，不论是头颈还是后腰可以和坐椅完美触及，十分的惬意。1
08366c42a49a4c3bb10532ea4091891d,0,变速箱有异响　　我有一辆这个车刚过保变速箱有异响4S店说要换变速箱总成报价12万，大家有其他办法没1
3a2126cac5724e77a1b2e62e64d29d92,0,不差钱的话就选途乐吧，综合性能好一些，舒适性还可以，越野性也不错，毕竟两把锁。 其实按照你的说法理性选车，不越野，偶尔自驾游，GL8真心不错。 不越野的话，途乐的牧马人的性能真心发挥不出来。跑公路，跑高速是GL8的强项。不差钱的话就选途乐吧，综合性能好一些，舒适性还可以，越野性也不错，毕竟两把锁。 其实按照你的说法理性选车，不越野，偶尔自驾游，GL8真心不错。 不越野的话，途乐的牧马人的性能真心发挥不出来。跑公路，跑高速是GL8的强项。1
311e9b3205fa451cb001f578597a3f70,1,车不算长吧，油耗也不算高吧，图昂途观没关注过车不算长吧，油耗也不算高吧，图昂途观没关注过0
03bf5b17e0554c9fa76a5c6db4068a80,1,成都改装分享，GL8低配摇身变高配　　因为预算吃紧所以提的28T舒适低配，但提回来就感觉配置不够用，尤其是织物座椅 卤素大灯，太掉档次，还没有倒车影像，决定加装真皮航空座椅，游艇木地板，后来论坛看了其他车主酷炫的改装的效果比如电动中门、电动尾门、木地板，看的眼馋羡慕的不行，车友推荐了一家成都本地专业改装航空座椅的批发厂家 价格相对外面改装商家便宜 车子直接开过去，狠狠心干脆都做了，就这样，成品来了。               0
f5e95ca31966461e9efe5f3057058fb3,1,乘坐即是享受 试驾新别克GL8 28T旗舰型　　它开创了一个全新的时代，打开了国内合资中高端MPV的道路，如果说哪台车能代表自己所在的细分市场的话，别克GL8就是这样的一台车。 　　十年的时间稳居国内中高端MPV市场的宝座地位，不断地完善着自己，甚至谈到商务车大家首先想到的都是别克GL8。全新GL8希望不仅面对商务市场，还要面对更多的个人用户，虽然印象中它是商务车，可眼前时尚的全新面容、实用的7座布局说不定会让你动心。  　　外观方面全新的GL8有很多崭新的设计，比如车顶线条和D柱的造型都是经过重新推敲的，但并没有更改自己的气质和神韵，你一看就会发现，它是一辆GL8。在不打破原有经典气质的基础上变得更时尚，我们路试的过程中也吸引了不少老款GL8同胞们的目光。  　　这一次的全新GL8对乘坐空间又进行了优化，相比老款车型车身高度增加了20 mm，轴距不变的前提下车身变短了63 mm，为了更大的乘坐空间，于是改用了短前悬长后悬的设计。 　　前悬减少了76 mm的同时后悬增加了13 mm，这使得第二排座椅可以有315 mm的前后滑行距离。可以向前调整45 mm、向后调整270 mm。我们继续来分享一些数字，因为数字是直观的。 　　它还拥有10向调节的豪华舒适座椅，电动腿托展开角度达60°，电动靠背也可以实现160°的倾斜角度并带有加热、通风、按摩功能。抬起头，全景双天窗不光尺寸大，还都配有电动遮阳帘。  　　放倒后排座椅还有超大容积的行李厢摆在眼前，最大储物空间可以达到1 650 L。如果此时你佩戴着VR眼镜，一定会前后左右四处张望的，因为这台新车里值得关注和尝试一下的地方太多了。 　　全新GL8最令人满意的还是第二排座椅，调整好一个舒适的姿势，抬头享受大尺寸天窗外的蓝天，遗憾的是这个后排天窗并不能开启，只能起到采光的作用。    　　内饰方面最大的改观就是经典的GL8怀挡取消了，6挡手自一体的换挡杆设置在驾驶员的斜前方，大量的黑色漆面设计是现在非常广泛使用的一种内饰风格，我本人并不是太喜欢，因为阳光下看我的指纹全部被盗走了，也显得非常乱。 　　大体的深色和浅色的搭配算是照顾了主流购买者的审美和喜好。不过我对新GL8的储物能力还是非常满意的。无论哪一排的乘客都可以在自己的身边找到充足的空间放置杂物。第三排座椅的坐垫高度有所提升，还配备了中央扶手，这些体验都比老款车子要舒适得多。  　　另外更多人关注的进出第三排的便捷度，通过尝试，一般身材的人侧身通过是没问题的，两个座椅之间的空隙宽度大约为18 cm。 　　如果您带小孩出行的话，儿童安全座椅的接口只设置在第二排上。豪华型以上的车子配备了带感应功能的电动后备厢，当手中提满物品的时候这个功能会非常方便。第三排座椅是可以翻折的，同时最后面的储物格也可以拿掉获得更多的空间。   　　全系搭载的2.0T直喷涡轮增压发动机的最大输出功率为191 kW，最大扭矩为350 N·m，百公里加速9.3 s，以及现在很多人买车都会关注的升功率为95.5 kW/h。搭配6挡手自一体变速器，百公里的综合油耗约为8.9 L。 　　这样的动力结构驱动接近2吨的车子还是比较轻松的，变速器经过重新的调校响应也变得比旧款车型积极很多，换挡平顺性和油门的线性设定都让这台车开起来很轻松。   　　虽然多数买GL8的人看中的是它的后排变现，不过GL8也要兼顾驾驶席司机的心情好坏。老板长时间舒适的享受，司机长时间的驾驶更需要一台默契的工作伙伴，即便是家用郊游也是要开短长途的。 　　GL8为司机着想的设定有很多，比如油门适当深踩的时候，就可以轻松地完成超车，同时变速器也相应地做出将降挡的动作。当你收回超车模式的油门，车子便会非常听话地将经济型放在第一位上行驶。这样一来，你既可以舒心地看风景，也可以上演极品飞车赶去发布会现场。  　　生活中多了个纵容你的朋友真是一件开心的事情。另外车子的隔音做的不错，与装载的马牌轮胎也有着不小关系。 　　悬架很扎实，对不规整的地面处理能力比以前成熟了不少，之前在发动机舱内位置过于隐蔽的电瓶也放在了明显且便于操作的地方，更多的人性化改造会让这个本就亲民的车子人缘更好。  　　说了这么多，现在我要开始说重点了。我更关注的是全新GL8推出了一个子品牌的概念，名为GL8 Avenir，售价要比旗舰型的车子整整贵了5万元。这个定位高于GL8旗舰型的Avenir有着诸多自己独享的设定，不同寻常的前格栅和18英寸大轮辋看起来的确要比普通版精神不少。 　　车尾到是与普通版没有过多的差距。内饰方面，Avenir加入了很多凹凸棱线设计，像是设计师精雕细琢了一番的艺术品。座椅的纹路和用料也和普通版有一些不同，座椅面料上的菱形缝线据说是由人工完成的，整个车顶全部采用了鹿绒材质，脚垫也非常柔软。 　　论气场，当之无愧是Avenir版本来得更霸气一些，但对于多数消费者来说，性价比高的车型才是他们的首选。选择Avenir的用户更多考虑的不是性价比，而是我就喜欢多花五万块钱坐跟别人不一样的车的心情。  　　出了这么多的版本，我们到底买哪个合适呢？首先你要确定你有没有这多出来的5万块钱，或者你说我就想要伯爵紫这个车身颜色，那你只能选择Avenir了，顺便还赠送一对一的管家式服务。 　　如果在普通车型基础上你不需要继续升级的话，那我们推荐普通车型中的尊享型以及豪华型。二者费用相差4万元，配置基本满足日常的家用和商务用途。  　　像我们一般关心的LED大灯、真皮座椅、电动调节座椅、车载导航、座椅加热等这些功能尊享型上就已经都配备了。 　　如果你还能接受再多花4万元还可以拥有不少豪华配置，比如电动右侧滑移门、全景天窗、无钥匙进入、三区自动空调等功能。而再高级别的座椅按摩和豪华音响等配置在一般用户看来多数不是必需品。  　　所以你会发现，全新GL8共有4个普通车型和1个子品牌高端车型，每个车型之间的配置和价格也相对较大，相信选择适合你自己的车型并不难。 　　通过短暂的体验我们也看出了别克GL8除了对家用车市场也十分感兴趣外，也感受到了它在商用车领域要继续拔高的姿态。  　　编辑观点 　　外观以及动力、操控方面新GL8都比老款有很大的提升，兼顾了开车人和坐车人的感受，原先总是说它是个商务车，全新GL8收敛了一些商务气息，给人带来更多的时尚感，看来是准备好同时进军家用车市场了，遗憾的是价格方面并没有给我们带来太多惊喜。 0
7f6cc78ed55a46e2a9c31783f9f5e2b1,0,大气稳重的GL8商旅车　　全新别克GL8豪华商务车的外观设计源自之前在车展上屡获好评的“别克商务概念车”，经典霸气的立体直瀑式格栅，辅以多维蓝光Bi-Xenon HID前大灯，给人一种灵动的感觉，令人耳目一新。2011款别克GL8商务车的改动不大，在保留之前陆尊经典设计的基础上对外观细节和动力部分进行了一些更新完善，对于日常商务用车来说，大气沉稳的风格，亦是不错的选择。环抱式中控台仍然是熟悉的别克风格，仿皮材质中控台带来了质感的提升。作为旗舰版车型，车内的豪华配置也相当齐全。包括带倒车影像的导航系统，安吉星、双区独立空调等配置均一应俱全。二排座椅的大尺寸液晶显示屏已经独立的功能操作区域带来了VIP般的享受。 　　别克新款GL87座商务车的Floating悬浮式中控台首次采用了酒红色皮纹材质设计，为车内贵宾带来精致细腻的视觉享受；全新的米色真皮豪华座椅，别克新款GL87座商务车由头层小牛皮精工细作，触感柔软厚实，配以按摩、通风、加热功能，为全程商务之旅备添舒适尊贵。7座商务车别克GL8对于第二排乘客，除了独立的影音系统、空调之外，还带有双杯架、三向电源，座椅前后调节带通风、加热及按摩功能，可以说第二排乘员备受关照。 　　新总结：别克GL8在豪华商务车中，依旧保留其大气稳重的风格。且在中高端MPV的领域内，依然保持着一定的优势。从综合实力考虑，GL8仍然不失为各位老板们的首选车型。且定位决定了它的市场前景不能不好，它配置够丰富、性价比很出色，居家载人载货皆可，重要的是这是一台足够有面子的MPV。 1
dcf27b774ecb48478c6d2d7830861252,1,对动力要求高的话肯定不够对动力要求高的话肯定不够0
fab4ff1e992c4b389089407b0cb9a2b3,0,关于脚踢功能，通用应该召回！　　我是旗舰版，现在买了一年半，行驶4万公里。我承认自己有点强迫症，自从发现旗舰有电尾门的脚踢功能，腿都快断了，也没有踢开过几次，为此我做了以下工作：1、跑了天津两家4S店，南开和空港的，维修次数不下五次，没有解决；2、电话别克售后十次左右，每次都说让4S联系我，问题是你不给4S解决办法，人家能联系我什么呢？3、维修人员把整个线路都拆了，也解决不了问题，临时换了同款车型不同编号的脚踢模块，百分之百脚踢成功，于是重新订了脚踢模块，但编号还是我这个模块的编号，结果还是千分之一的成功率；4、别克总部技术承认有问题，但一年多了，也没有解决方案；5、天津的两家4S态度都不错，但上海总部的售后和技术，只会推诿，到后来直接不搭理我了，随便你怎么投诉，我是真的没有时间和精力折腾厂家，但把我逼急了，我也是研究生，我也会上发动机盖。大家有这种问题吗？可以私信我，我出钱请律师（其实我也是律师，很无奈吧），一起要求别克召回或者换车吧。1
f7ca35530af342f5a9d26e9b344c8285,1,好多种版本的，哪种好看           0
dd279e8dec084ea882c23e0cb060be02,1,很久以前有一个年轻人因为生病去世了，遇见上帝时候，他就问上帝，在我们的世界里，有许许多多关于天堂和地狱的故事，你可不可以让我看下天堂和地狱有什么区别？上帝答应了这个年轻人请求。上帝首先带年轻人来到了地狱，年轻人感觉带地狱阴深深，寒气逼人，看见的都是骨瘦如柴饱受饥饿的灵魂。为什么他们都这么瘦呢？好像一副没有吃饱的样子，年轻人有些害怕的问上帝，你看那边，此时，只见一群灵魂围在一口巨大的锅旁，锅里煮着美味的食物，每个灵魂都争先恐后地用勺子盛着美味的食物，送到自己的嘴里，可是他们手里的勺子太长了，吃到嘴里的远没有很久以前有一个年轻人因为生病去世了，遇见上帝时候，他就问上帝，在我们的世界里，有许许多多关于天堂和地狱的故事，你可不可以让我看下天堂和地狱有什么区别？上帝答应了这个年轻人请求。上帝首先带年轻人来到了地狱，年轻人感觉带地狱阴深深，寒气逼人，看见的都是骨瘦如柴饱受饥饿的灵魂。为什么他们都这么瘦呢？好像一副没有吃饱的样子，年轻人有些害怕的问上帝，你看那边，此时，只见一群灵魂围在一口巨大的锅旁，锅里煮着美味的食物，每个灵魂都争先恐后地用勺子盛着美味的食物，送到自己的嘴里，可是他们手里的勺子太长了，吃到嘴里的远没有掉到地上的多，个个人又饿又失望着。 接着，上帝又带年轻人来到了天堂，只见一群灵魂也是在一口巨大的锅旁吃着食物，他们的手上勺子也很长，然而天堂上的这些灵魂都把盛上食物的勺子送到对面的灵魂，你送到我口中，我送到你口中，他们个个都可以吃得很饱，所以每个人脸色红润，如仙人一般。 天堂和地狱之所以有着天壤之别，唯一不同的就是天堂的灵魂不是自私地将勺子喂给自己，而是喂给彼此去吃。 当你做了一桌子的美味的佳肴的时候，你邀请自己的亲人或好友一起去享受的时候，看到他们吃的不亦乐乎的时候，你会不会有种成就感和满足感呢？ 做人，真的不能太自私，自私只会让你变得贪婪，贪婪就会让你变得更贪婪，我们千万不能被自己心中的自私控制，要静下心来。过于的自私只会害人害己。0
abc215eb102e4c91b934daf1ef6eaed2,1,后悬挂不是独立悬挂是致命的弱点。后悬挂不是独立悬挂是致命的弱点。0
39a5421de4914d0d8d8f5dae9a50f6e3,0,机角胶损坏、异响　　2017年7月份买的GL8，28T豪华版的、行驶13000公里，出现发动机机角胶损坏，异响。已索赔。    1
88a2a64713c1483db42450279a935a6d,1,觉得比我新款好看觉得比我新款好看0
92f32b6986ef417ebbe0c84f5fd4e75b,1,绝对不是，我也觉得这个车奇丑无比。绝对不是，我也觉得这个车奇丑无比。0
21cdb3eafc154b70a22b30db2ef310bf,1,空间：GL8绝对胜出舒适性、静音：GL8绝对胜出油耗：奥德赛绝对胜出。总结，如果满座几率大，同事对舒适性、静音有高要求果断GL8。 两款都试驾了，对比后奥德赛后排实在忍不了。空间：GL8绝对胜出舒适性、静音：GL8绝对胜出油耗：奥德赛绝对胜出。总结，如果满座几率大，同事对舒适性、静音有高要求果断GL8。 两款都试驾了，对比后奥德赛后排实在忍不了。0
e89b19f0e4a9461c80d7fb94899d4e7b,0,来自威霆的国色天香　　威霆继承了奔驰品牌豪华的气质与优良的做工，是全球共赏的专业级MPV，性价比较高，3430mm的超长轴距可以满足消费者对空间的要求。全部座椅采用独立座椅，拥有充足的左右、头部及腿部伸展空间，也能依据个人需求进行调节，非常适合长途驾驶。设计风格简洁大气，增强型ESP系统，前后通风盘刹车，为驾乘者的安全保驾护航。这样强悍的性能怎么能不让人心动呢？ 　　这种性价比极高的车，对于内饰当然也不能将就。之前的内饰过于老气，提不起开车的劲。找了附近一家口碑较好的商务车改装工厂，毕竟大几万的改装费，要求肯定是多的。改了很多项目，前前后后不到半个月，交车速度很快，但丝毫不影响做工。  　　九宫格顶灯，样式美观大气，实用性强    　　航空座椅（含按摩、加热、通风、旋转、电动腿托、电动靠背、电动头托、前后移动八大功能），这家改装店相对于其他店，颜色是可以定制的，所以就定了米白加红包覆   　　换上瞬间就感觉高贵典雅了很多  　　来个侧面照，真的很欧式，很显空间感   　　后排沙发床，可坐可躺，不占空间。再久的车程也不会累啦。  　　电动调节奔驰开关   　　隔音防水防虫蛀的柚木地板和脚托，再久的行程腿都不会酸胀   　　手拉式窗帘   　　LED迎宾踏板，很防滑   　　交互电源插座、中控灯按钮、杯托   　　正副驾包覆   　　360大屏导航，图像清晰、数据直观   　　夏天怎么能少了扶手冰箱呢  　　主要改了九宫格顶灯、航空座椅、沙发床、座椅包覆、扶手冰箱、360大屏导航，都是一些很实用的项目。这家改装工厂的技师真的很专业，交车的时候挑不出什么毛病，总体改的很满意。也欢迎各位各车留言发表看法。 1
29b65c7ea0da44e8a15030694cf0a353,1,貌似后面的凯越更惨貌似后面的凯越更惨0
a89f75dbbcf548ea803105febc5df2e9,1,没问题。都是电动的，gl8不建议旋转。空间很小。对航空的骨架要求比较严格。没问题。都是电动的，gl8不建议旋转。空间很小。对航空的骨架要求比较严格。0
aa85bf30054e4d16b94b2f2cde70f915,1,没有后悔 唯一不足是隔音没有后悔 唯一不足是隔音0
d2cdf9cc947c4c85b381c5bc2e9dfd24,0,没有硬塑料的感觉真好，黑棕内饰升级！              1
b54bab757e9445a6afaf7ad17ce4d904,1,难道只有我觉得这车丑吗？难道只有我觉得这车丑吗？0
82e159fc809e422b8b65ef2ea2ba6a38,1,你可以这样考虑，车门较重导致长期受力位置发生形变，故产生异响，解决方法，第一，找到具体产生异响的位置，即发生形变的位置；第二，减少该位置矿量你可以这样考虑，车门较重导致长期受力位置发生形变，故产生异响，解决方法，第一，找到具体产生异响的位置，即发生形变的位置；第二，减少该位置矿量0
94b9f7fbd6d64cd3a571d8d0976eaec9,1,请问第三排座椅靠背可以调的吗？可以调的话更舒服请问第三排座椅靠背可以调的吗？可以调的话更舒服0
0e265e4a428b4ce8bd71f8ddbd42d63b,0,确实，没有试乘260之前，中毒260一个很大原因就是内饰太漂亮了。超级喜欢确实，没有试乘260之前，中毒260一个很大原因就是内饰太漂亮了。超级喜欢1
724f98103abc412fb2a18bc26895c82c,1,入手GL8使用及安装心得　　车友们，你们好，这辆gl8已入手许久，但因为有了微博微信后，已经很少玩论坛了，基本也只是偶尔翻一翻车友们的经验，但很少发帖了，出于对大家分享经验的感谢之情，   　　我也发个帖子，说说我的一些使用感受吧，之前泡论坛已久知道买个老8，再进行改装也能达到想像中的效果，所以，根据我多年的潜水经验，在论坛找了一家专业改装，对我的老8进行了一番深度的洗礼。 　　一. 使用篇 　　1. 优点：外形、配置、空间，在同级别车型中处于优势地位 　　2. 缺点：新车的话异味有点大，起步比较肉，内饰做工不够细致，费油！！！ 　　二．改装篇 　　改装的部分是根据自己的需求来进行改装的，不多一分，不少一分，下面奉上改装清单： 　　电动中门 　　电动尾门 　　航空座椅 　　多功能扶手箱 　　整铺柚木木地板 　　氙气灯泡 等    　　首先更换电动中门和尾门是不用在多说了吧  　　原来的是卤素大灯太暗了，换成氙气灯泡了   　　整铺柚木木地板 　　把所有东西又拆下去，重头再弄，真是辛苦改装师傅了，装柚木木地板是因为师傅说装柚木的话是耐腐，耐磨的，而且颜色特别光泽亮丽，装上一看，果然是这样的  　　原厂电动右门的配件之一，顶棚开关总成，可以控制右门开关，尾门开关，左门开关也可以接上去控制 　　多功能扶手箱   　　换了一个多功能的扶手箱，因为平时的发票什么的都需要分开放，这个扶手箱空间很大，可以自己规划下区域然后分类防放置，里面还有一个充电功能，用起来也是挺方便的 　　航空座椅    　　虽然之前的座椅没有什么大问题，但是坐久了还是会觉得不舒服，换了航空座椅的话，一家四口出去玩，在第三排用不到的情况下，第二排完全可以变成个躺椅，这样休息起来也是比之前舒服的  　　第三排滑轨，这样能让后备箱和三排前面的空间变的更大，也可以更自如的灵活运用   　　装了个氛围灯，原厂款的，能一直变幻，64色的，这么看来，哥也是有情调的人      　　桃木方向盘，手感摸起来是很舒服的，看起来还蛮有档次的，就是冬天摸起来可能会有点手冷，不过有空调的情况下，这种问题也不是问题了   　　好了，这就是我入手GL8后的使用感受和关于汽车的改装方向了，如果有问题的话，可以在帖子下留言，如果看到的话会进行回复的。 　　祝车友们，行驶平安！！！  0
5de4921dc4f24d2192ddd7bbea38cdee,0,商旅28T提车一个月晒个油耗等　　提车一个月，一半市区一半高速，晒个油耗，还算满意。据说首保之后油耗还能好点。另附自己手缝的方向盘把套。  　　一半市区一半高速   　　还算贴附。头一次弄，下次会更好！1
c65b02424a054c33a9402078ea79bb72,1,四门，五门进出第三排不方便四门，五门进出第三排不方便0
dcfd0b02e8924cefbf2d7eb3ea2c8d9a,1,所享 超乎所想　　对于MPV的定义，奔驰V级无疑是最好的诠释！纵使市场上竞争对手日趋增加，但奔驰V级依然以它独特的魅力，稳居榜首！ 0
18bdcd33d2e344f7ac49c6a124252fcf,1,为啥我的油耗这么高，都到15了为啥我的油耗这么高，都到15了0
ba199063cc26447a98f93d0be1181ed5,1,为什么把最重要的两个座位设计在全车最颠的地方。乘坐位置已经属于后备箱了。为什么把最重要的两个座位设计在全车最颠的地方。乘坐位置已经属于后备箱了。0
33b4fbe6c1e94053870be8dabc230eee,1,为什么前排没点烟器或usb充电口　　要用手机导航，还要从扶手箱引线出来，不方便。另外也没有合适的放手机和高速卡的地方。0
7de6b1cf4aeb4451bd39016361d2a6e8,0,问陆尊方向盘抖动问题　　这辆陆尊3.0车抵债过来目前32万公里跑到80-110刚开始感觉前轮抖动震动连续做次动平衡刚开始做点效果明显后面换新胎只感觉抖半轴漏油以为跟抖动有关系换新现在感觉车轮抖75以方向盘摆持续到110望哪位机修手出招最修几次本来没事方修出堆毛病机修行业真汗颜1
8501057abf31451c9d910d4905e73f5f,0,我觉得威霆尺寸进家用或商用地下停车场车高没问题，尔且性价比高我觉得威霆尺寸进家用或商用地下停车场车高没问题，尔且性价比高1
bfdd5f4578494a42a3173b771f70af62,0,我刷过了！根本没有用！硬件配置太渣！再更新 刷都是徒劳！我刷过了！根本没有用！硬件配置太渣！再更新 刷都是徒劳！1
4debef7a27da47dead4935f9a265f501,1,我也和你有一样的困扰，担心涡轮的稳定性，还有25.29要95汽油，24.99很省心，自吸。可是动力确实也是弱了一些，车里满员，开起来很闹心，别说俩本的车都是2.4，那俩车满员也那样，特别肉。个人觉得25.29的吧，和ES一样的发动机，变速箱，技术更新，涡轮啥的问题应该不大，又不开这个飙车，都是一家人温柔的开，平时多注意点，个人建议还是25.29。再说一点，这个车加92估计问题也不大，纯个人意见，仅供参考我也和你有一样的困扰，担心涡轮的稳定性，还有25.29要95汽油，24.99很省心，自吸。可是动力确实也是弱了一些，车里满员，开起来很闹心，别说俩本的车都是2.4，那俩车满员也那样，特别肉。个人觉得25.29的吧，和ES一样的发动机，变速箱，技术更新，涡轮啥的问题应该不大，又不开这个飙车，都是一家人温柔的开，平时多注意点，个人建议还是25.29。再说一点，这个车加92估计问题也不大，纯个人意见，仅供参考0
9970c1d5c2e745d298fa07929dd356c1,0,新款V-class　　V260 　　车型参数 　　底盘参数 　　外形尺寸(长×宽×高) 　　5370*1928*2100 　　最高车速 　　185m/ 　　额定乘员数（人) 　　7人 　　底盘型号 　　FA6523 　　发动机型号 　　M274 　　发动机型式 　　2.0T 211马力 L4涡轮增压 　　燃油/排量 　　汽油/2.0 　　变速箱型号 　　7挡手自一体 　　油箱容量 　　70L 　　排放标准 　　国V 　　百公里经济油耗 　　9.5L/100Km 　　内饰配置 　　●豪华实木地板 　　●子母电话机 　　●真皮包覆闪银方向盘 　　●豪华真皮正副驾驶座椅 　　●前后仓闪银高光装饰 　　●豪华单人真皮座椅 　　●正副驾驶门板真皮包覆 　　●豪华三人真皮座椅 　　●后舱电动小桌板 　　●内顶射灯（白光） 　　●后舱中央集成控制系统（触摸屏） 　　●WIFI上网终端 　　●5.1声道车载环绕音箱 　　●驾驶舱主机集成卫星导航 　　●前舱15L车载冰箱 　　●按摩电加热座椅 　　●阅读灯（白光） 　　●吧台装饰灯（白光） 　　●ASR加速防滑控制系统 　　●整车三角度监视系统         1
cbd3b697fd6b40fa824b4c2aa58da7d3,1,新威霆米色座椅　　私我 0
4a9205cf2eec4883a59fae72a49648a5,1,颜色不错，耐脏。颜色不错，耐脏。0
c2fabb637e524680b585c7aeeb598af3,1,也能理解，毕竟车身那么长也能理解，毕竟车身那么长0
289846fba1fd4a9bbf8f306bafaa00d6,1,一个孩子用gl8更爽，可躺可坐。建议早点入手，放放味。要不对新生宝宝不好。新车味不小。一个孩子用gl8更爽，可躺可坐。建议早点入手，放放味。要不对新生宝宝不好。新车味不小。0
9677d82a13bd42acbcc258727d6bc3c7,1,音响不佳主要是因为机头功率太小，不足以驱动一堆喇叭，加装一个功放即完全能够满足普通耳朵的需求。 如果听觉要求比较高，建议淘一个便携式播放器（六七百--一两千），以提供更佳的音源，平常还可以带走用。 习惯听碟片的，这个条就不适用了。 不建议更换音响主机！上述弄完了，可能会觉得喇叭又不给力了，顶多再换几个喇叭。音响不佳主要是因为机头功率太小，不足以驱动一堆喇叭，加装一个功放即完全能够满足普通耳朵的需求。 如果听觉要求比较高，建议淘一个便携式播放器（六七百--一两千），以提供更佳的音源，平常还可以带走用。 习惯听碟片的，这个条就不适用了。 不建议更换音响主机！上述弄完了，可能会觉得喇叭又不给力了，顶多再换几个喇叭。0
2dbef0bda8114ccbafe37be85c366294,1,又是奔驰v自己去试下不就知道，那避震比奥德赛还颠。又是奔驰v自己去试下不就知道，那避震比奥德赛还颠。0
a36067fa9cce4f2bb56e7904f2172f6c,1,噪音120码以内我都可以接受噪音120码以内我都可以接受0
2728cb0660604988ab3c2bf93de92f26,1,这车座椅发动机变速箱都好，就是后悬挂差点意思，不知道说的对不读这车座椅发动机变速箱都好，就是后悬挂差点意思，不知道说的对不读0
37501c617c264e7988a2806f3540c554,1,这个颜色也很漂亮这个颜色也很漂亮0
a7c2362402084994824c65047e57e79a,1,中门玻璃打不开压抑吗？                       会不会晕车                      0
e8f05df136ce447588659e283163f134,1,准车主前来报道　　我不是销售人员，组群团购纯属一时兴起，但是看到一个一个准车主在我提供的资源下买到了爱车真的很自豪！真的第一次有这种感觉！0
ea9046ab412e49418f6a0f058e939905,0,尊贵加长版第二排座椅旋转　　尊贵加长版第二排座椅旋转有看4S店的成品，但是感觉不太喜欢，大家改了的也都是在底座直接加电机？1
